"Age","ln.h1","ln.h2","h1","h2","PlotCode","sup","UID","Census","maxDBH"
23,NA,0.482426149244293,NA,1.62,"2","1","SS02-433310",2003,1.41
24,0.482426149244293,0.518793793415168,1.62,1.68,"2","1","SS02-433310",2004,1.77
25,0.518793793415168,0.65232518603969,1.68,1.92,"2","1","SS02-433310",2005,1.8
26,0.65232518603969,0.488580014818671,1.92,1.63,"2","1","SS02-433310",2006,1.8
27,0.488580014818671,0.53062825106217,1.63,1.7,"2","1","SS02-433310",2007,1.8
28,0.53062825106217,0.741937344729377,1.7,2.1,"2","1","SS02-433310",2008,1.8
29,0.741937344729377,0.802001585472027,2.1,2.23,"2","1","SS02-433310",2009,2
30,0.802001585472027,NA,2.23,NA,"2","0","SS02-433310",2010,NA
25,NA,-0.693147180559945,NA,0.5,"2","1","SS02-433693",2005,0.31
26,-0.693147180559945,-0.616186139423817,0.5,0.54,"2","1","SS02-433693",2006,0.393
27,-0.616186139423817,-0.0943106794712413,0.54,0.91,"2","1","SS02-433693",2007,0.4
28,-0.0943106794712413,-0.0725706928348354,0.91,0.93,"2","1","SS02-433693",2008,0.74
29,-0.0725706928348354,0.2390169004705,0.93,1.27,"2","1","SS02-433693",2009,0.74
30,0.2390169004705,0.254642218373581,1.27,1.29,"2","1","SS02-433693",2010,0.74
31,0.254642218373581,0.22314355131421,1.29,1.25,"2","1","SS02-433693",2011,0.74
32,0.22314355131421,0,1.25,1,"2","1","SS02-433693",2012,0.74
33,0,NA,1,NA,"2","0","SS02-433693",2013,NA
25,NA,-0.673344553263766,NA,0.51,"2","1","SS02-433709",2005,0.31
26,-0.673344553263766,-0.49429632181478,0.51,0.61,"2","1","SS02-433709",2006,0.33
27,-0.49429632181478,-0.342490308946776,0.61,0.71,"2","1","SS02-433709",2007,0.36
28,-0.342490308946776,-0.301105092783922,0.71,0.74,"2","1","SS02-433709",2008,0.4
29,-0.301105092783922,NA,0.74,NA,"2","0","SS02-433709",2009,NA
26,NA,0.683096844706444,NA,1.98,"2","1","SS02-433969",2006,1.07
27,0.683096844706444,NA,1.98,NA,"2","0","SS02-433969",2007,NA
23,NA,0.78845736036427,NA,2.2,"2","1","SS02-434102",2003,1.1
24,0.78845736036427,0.73716406597672,2.2,2.09,"2","1","SS02-434102",2004,1.28
25,0.73716406597672,0.482426149244293,2.09,1.62,"2","1","SS02-434102",2005,1.26
26,0.482426149244293,0.444685821261446,1.62,1.56,"2","1","SS02-434102",2006,1.307
27,0.444685821261446,0.797507195884188,1.56,2.22,"2","1","SS02-434102",2007,1.65
28,0.797507195884188,0.916290731874155,2.22,2.5,"2","1","SS02-434102",2008,1.65
29,0.916290731874155,1.13783300182139,2.5,3.12,"2","1","SS02-434102",2009,1.65
30,1.13783300182139,1.02961941718116,3.12,2.8,"2","1","SS02-434102",2010,1.93
31,1.02961941718116,NA,2.8,NA,"2","0","SS02-434102",2011,NA
10,NA,0.576613364303994,NA,1.78,"4","1","SS04-437103",2003,0.57
11,0.576613364303994,0.570979546585738,1.78,1.77,"4","1","SS04-437103",2004,0.78
12,0.570979546585738,0.693147180559945,1.77,2,"4","1","SS04-437103",2005,0.67
13,0.693147180559945,0.703097511413113,2,2.02,"4","1","SS04-437103",2006,0.652
14,0.703097511413113,0.65232518603969,2.02,1.92,"4","1","SS04-437103",2007,0.831
15,0.65232518603969,0.470003629245736,1.92,1.6,"4","1","SS04-437103",2008,1
16,0.470003629245736,0.576613364303994,1.6,1.78,"4","1","SS04-437103",2009,0.94
16,0.576613364303994,NA,1.78,NA,"4","0","SS04-437103",2010,NA
16,NA,-0.843970070294529,NA,0.43,"4","1","SS04-437288",2010,0.19
18,-0.843970070294529,NA,0.43,NA,"4","0","SS04-437288",2011,NA
19,NA,-0.510825623765991,NA,0.6,"6","1","SS06-441254",2004,0.21
20,-0.510825623765991,-0.49429632181478,0.6,0.61,"6","1","SS06-441254",2005,0.35
21,-0.49429632181478,-0.510825623765991,0.61,0.6,"6","1","SS06-441254",2006,0.347
22,-0.510825623765991,-0.198450938723838,0.6,0.82,"6","1","SS06-441254",2007,0.52
23,-0.198450938723838,-0.198450938723838,0.82,0.82,"6","1","SS06-441254",2008,0.52
24,-0.198450938723838,NA,0.82,NA,"6","0","SS06-441254",2009,NA
11,NA,0.482426149244293,NA,1.62,"7","1","SS07-453707",2003,1.55
16,0.482426149244293,NA,1.62,NA,"7","0","SS07-453707",2008,NA
11,NA,0.262364264467491,NA,1.3,"7","1","SS07-453790",2003,1.83
13,0.262364264467491,NA,1.3,NA,"7","0","SS07-453790",2005,NA
16,NA,-1.07880966137193,NA,0.34,"7","1","SS07-453998",2008,0.178
17,-1.07880966137193,NA,0.34,NA,"7","0","SS07-453998",2009,NA
17,NA,-0.385662480811985,NA,0.68,"7","1","SS07-454247",2009,0.72
18,-0.385662480811985,0.262364264467491,0.68,1.3,"7","1","SS07-454247",2010,0.7
16,NA,0.215111379616945,NA,1.24,"7","1","SS07-454254",2008,0.481
17,0.215111379616945,0.262364264467491,1.24,1.3,"7","1","SS07-454254",2009,0.51
18,0.262364264467491,NA,1.3,NA,"7","0","SS07-454254",2010,NA
11,NA,1.1314021114911,NA,3.1,"7","1","SS07-454360",2003,1.31
16,1.1314021114911,NA,3.1,NA,"7","0","SS07-454360",2008,NA
17,NA,NA,NA,NA,"7","1","SS07-454582",2009,0
18,NA,0.518793793415168,NA,1.68,"7","1","SS07-454582",2010,0.7
1,NA,-0.385662480811985,NA,0.68,"8","1","SS08-415637",2004,0.86
2,-0.385662480811985,-0.63487827243597,0.68,0.53,"8","1","SS08-415637",2005,1
3,-0.63487827243597,0.0295588022415444,0.53,1.03,"8","1","SS08-415637",2006,1.5
4,0.0295588022415444,0.8754687373539,1.03,2.4,"8","1","SS08-415637",2007,2.5
5,0.8754687373539,0.982078472412158,2.4,2.67,"8","1","SS08-415637",2008,4
6,0.982078472412158,1.22377543162212,2.67,3.4,"8","1","SS08-415637",2009,3.9
7,1.22377543162212,1.3609765531356,3.4,3.9,"8","1","SS08-415637",2010,5.9
8,1.3609765531356,1.43508452528932,3.9,4.2,"8","1","SS08-415637",2011,6.3
9,1.43508452528932,1.6094379124341,4.2,5,"8","1","SS08-415637",2012,5
10,1.6094379124341,1.62334081760309,5,5.07,"8","1","SS08-415637",2013,6.3
11,1.62334081760309,NA,5.07,NA,"8","1","SS08-415637",2014,NA
12,NA,NA,NA,NA,"8","Dosel ","SS08-415637",2015,NA
13,NA,NA,NA,NA,"8","1","SS08-415637",2016,NA
1,NA,0.139761942375159,NA,1.15,"8","1","SS08-415750",2004,1.56
2,0.139761942375159,0.0953101798043249,1.15,1.1,"8","1","SS08-415750",2005,0.79
3,0.0953101798043249,0.29266961396282,1.1,1.34,"8","1","SS08-415750",2006,1.038
4,0.29266961396282,0.765467842139571,1.34,2.15,"8","1","SS08-415750",2007,2.44
5,0.765467842139571,1.08856195281461,2.15,2.97,"8","1","SS08-415750",2008,3.4
1,NA,-0.162518929497775,NA,0.85,"8","1","SS08-415873",2004,1.04
2,-0.162518929497775,-0.22314355131421,0.85,0.8,"8","1","SS08-415873",2005,0.52
3,-0.22314355131421,-0.105360515657826,0.8,0.9,"8","1","SS08-415873",2006,0.63
4,-0.105360515657826,0.8754687373539,0.9,2.4,"8","1","SS08-415873",2007,2.81
5,0.8754687373539,1.00795792039998,2.4,2.74,"8","1","SS08-415873",2008,3.6
6,1.00795792039998,1.25276296849537,2.74,3.5,"8","1","SS08-415873",2009,4.45
7,1.25276296849537,1.33500106673234,3.5,3.8,"8","1","SS08-415873",2010,4.6
8,1.33500106673234,1.33500106673234,3.8,3.8,"8","1","SS08-415873",2011,4.5
9,1.33500106673234,1.33500106673234,3.8,3.8,"8","1","SS08-415873",2012,4.4
10,1.33500106673234,1.14422279992016,3.8,3.14,"8","1","SS08-415873",2013,3.3
11,1.14422279992016,NA,3.14,NA,"8","1","SS08-415873",2014,NA
12,NA,NA,NA,NA,"8","1","SS08-415873",2015,NA
13,NA,NA,NA,NA,"8","1","SS08-415873",2016,NA
1,NA,0.553885113226438,NA,1.74,"8","1","SS08-442329",2004,2.17
2,0.553885113226438,NA,1.74,NA,"8","0","SS08-442329",2005,NA
1,NA,-0.446287102628419,NA,0.64,"8","1","SS08-442473",2004,0.37
3,-0.446287102628419,-0.562118918153541,0.64,0.57,"8","1","SS08-442473",2006,0.314
4,-0.562118918153541,NA,0.57,NA,"8","0","SS08-442473",2007,NA
1,NA,-0.0100503358535015,NA,0.99,"8","1","SS08-442565",2004,1.48
2,-0.0100503358535015,0.336472236621213,0.99,1.4,"8","1","SS08-442565",2005,1.47
3,0.336472236621213,0.336472236621213,1.4,1.4,"8","1","SS08-442565",2006,1.568
4,0.336472236621213,0.657520002916794,1.4,1.93,"8","1","SS08-442565",2007,2.419
5,0.657520002916794,0.854415328156068,1.93,2.35,"8","1","SS08-442565",2008,3.1
6,0.854415328156068,0.947789398933526,2.35,2.58,"8","1","SS08-442565",2009,3.3
7,0.947789398933526,1.16315080980568,2.58,3.2,"8","1","SS08-442565",2010,3.9
8,1.16315080980568,0.993251773010283,3.2,2.7,"8","1","SS08-442565",2011,3.3
9,0.993251773010283,1.07158361628019,2.7,2.92,"8","1","SS08-442565",2012,3.4
10,1.07158361628019,NA,2.92,NA,"8","0","SS08-442565",2013,NA
3,NA,0.262364264467491,NA,1.3,"8","1","SS08-443944",2006,1.823
4,0.262364264467491,0.741937344729377,1.3,2.1,"8","1","SS08-443944",2007,3.12
5,0.741937344729377,0.974559639998131,2.1,2.65,"8","1","SS08-443944",2008,4.9
6,0.974559639998131,1.07158361628019,2.65,2.92,"8","1","SS08-443944",2009,2.2
7,1.07158361628019,1.06471073699243,2.92,2.9,"8","1","SS08-443944",2010,6
8,1.06471073699243,1.52605630349505,2.9,4.6,"8","1","SS08-443944",2011,6.9
9,1.52605630349505,1.56861591791385,4.6,4.8,"8","1","SS08-443944",2012,7.5
3,NA,0.542324290825362,NA,1.72,"8","1","SS08-444507",2006,1.97
4,0.542324290825362,0.845868267577609,1.72,2.33,"8","1","SS08-444507",2007,4.332
5,0.845868267577609,0.0198026272961797,2.33,1.02,"8","1","SS08-444507",2008,8.6
6,0.0198026272961797,1.14740245283754,1.02,3.15,"8","1","SS08-444507",2009,7
7,1.14740245283754,1.43508452528932,3.15,4.2,"8","1","SS08-444507",2010,7.8
8,1.43508452528932,1.41098697371026,4.2,4.1,"8","1","SS08-444507",2011,11.2
1,NA,0.231111720963387,NA,1.26,"8","1","SS08-444521",2004,1.8
2,0.231111720963387,0.62057648772511,1.26,1.86,"8","1","SS08-444521",2005,2.71
3,0.62057648772511,0.819779831493311,1.86,2.27,"8","1","SS08-444521",2006,3.529
4,0.819779831493311,1.02961941718116,2.27,2.8,"8","1","SS08-444521",2007,9.293
5,1.02961941718116,1.02961941718116,2.8,2.8,"8","1","SS08-444521",2008,9.3
6,1.02961941718116,1.19392246847243,2.8,3.3,"8","1","SS08-444521",2009,14.2
7,1.19392246847243,1.06471073699243,3.3,2.9,"8","1","SS08-444521",2010,15.9
8,1.06471073699243,1.48160454092422,2.9,4.4,"8","1","SS08-444521",2011,17.3
6,NA,0.53062825106217,NA,1.7,"10","1","SS10-416825",2004,0.66
7,0.53062825106217,0.693147180559945,1.7,2,"10","1","SS10-416825",2005,0.9
8,0.693147180559945,0.662687973075237,2,1.94,"10","1","SS10-416825",2006,1.022
9,0.662687973075237,1.14740245283754,1.94,3.15,"10","1","SS10-416825",2007,1.552
10,1.14740245283754,1.25276296849537,3.15,3.5,"10","1","SS10-416825",2008,2.3
11,1.25276296849537,1.22964055107451,3.5,3.42,"10","1","SS10-416825",2009,2.25
12,1.22964055107451,NA,3.42,NA,"10","1","SS10-416825",2010,NA
13,NA,NA,NA,NA,"10","1","SS10-416825",2011,NA
14,NA,NA,NA,NA,"10","1","SS10-416825",2012,NA
15,NA,NA,NA,NA,"10","1","SS10-416825",2013,NA
16,NA,NA,NA,NA,"10","1","SS10-416825",2014,NA
17,NA,NA,NA,NA,"10","1","SS10-416825",2015,NA
18,NA,NA,NA,NA,"10","1","SS10-416825",2016,NA
5,NA,-0.150822889734584,NA,0.86,"10","1","SS10-447393",2003,0.57
6,-0.150822889734584,0.314810739840034,0.86,1.37,"10","1","SS10-447393",2004,0.7
7,0.314810739840034,0.438254930931155,1.37,1.55,"10","1","SS10-447393",2005,0.72
8,0.438254930931155,0.60431596685333,1.55,1.83,"10","1","SS10-447393",2006,0.74
9,0.60431596685333,0.576613364303994,1.83,1.78,"10","1","SS10-447393",2007,1.74
10,0.576613364303994,0.641853886172395,1.78,1.9,"10","1","SS10-447393",2008,1.6
11,0.641853886172395,1.02961941718116,1.9,2.8,"10","1","SS10-447393",2009,1.7
12,1.02961941718116,1.24703229378638,2.8,3.48,"10","1","SS10-447393",2010,2.25
12,1.24703229378638,NA,3.48,NA,"10","1","SS10-447393",2011,NA
12,NA,NA,NA,NA,"10","1","SS10-447393",2012,NA
12,NA,NA,NA,NA,"10","1","SS10-447393",2013,NA
12,NA,NA,NA,NA,"10","1","SS10-447393",2014,NA
12,NA,NA,NA,NA,"10","1","SS10-447393",2015,NA
12,NA,NA,NA,NA,"10","1","SS10-447393",2016,NA
3,NA,0.62057648772511,NA,1.86,"11","1","SS11-447959",2003,1.85
4,0.62057648772511,0.867100487683383,1.86,2.38,"11","1","SS11-447959",2004,2.22
5,0.867100487683383,1.02961941718116,2.38,2.8,"11","1","SS11-447959",2005,2.17
6,1.02961941718116,0.974559639998131,2.8,2.65,"11","1","SS11-447959",2006,2.175
7,0.974559639998131,1.1314021114911,2.65,3.1,"11","1","SS11-447959",2007,2.42
8,1.1314021114911,0.974559639998131,3.1,2.65,"11","1","SS11-447959",2008,2.8
9,0.974559639998131,1.02245092770255,2.65,2.78,"11","1","SS11-447959",2009,3.1
10,1.02245092770255,1.32707500145992,2.78,3.77,"11","1","SS11-447959",2010,3.3
3,NA,0.231111720963387,NA,1.26,"11","1","SS11-448031",2003,0.52
4,0.231111720963387,0.2390169004705,1.26,1.27,"11","1","SS11-448031",2004,1.12
5,0.2390169004705,0.470003629245736,1.27,1.6,"11","1","SS11-448031",2005,1.99
6,0.470003629245736,0.412109650826833,1.6,1.51,"11","1","SS11-448031",2006,0.928
7,0.412109650826833,0.657520002916794,1.51,1.93,"11","1","SS11-448031",2007,0.96
8,0.657520002916794,0.470003629245736,1.93,1.6,"11","1","SS11-448031",2008,1.2
9,0.470003629245736,0.732367893713227,1.6,2.08,"11","1","SS11-448031",2009,1.4
10,0.732367893713227,0.871293365943419,2.08,2.39,"11","1","SS11-448031",2010,1.3
3,NA,0.0582689081239758,NA,1.06,"11","1","SS11-448284",2003,0.57
4,0.0582689081239758,0.29266961396282,1.06,1.34,"11","1","SS11-448284",2004,0.78
5,0.29266961396282,0.364643113587909,1.34,1.44,"11","1","SS11-448284",2005,0.79
6,0.364643113587909,0.29266961396282,1.44,1.34,"11","1","SS11-448284",2006,0.772
7,0.29266961396282,0.587786664902119,1.34,1.8,"11","1","SS11-448284",2007,1.17
8,0.587786664902119,0.65232518603969,1.8,1.92,"11","1","SS11-448284",2008,1.2
9,0.65232518603969,0.683096844706444,1.92,1.98,"11","1","SS11-448284",2009,1.43
10,0.683096844706444,0.8754687373539,1.98,2.4,"11","1","SS11-448284",2010,1.35
3,NA,0.157003748809665,NA,1.17,"11","1","SS11-448307",2003,0.6
4,0.157003748809665,0.405465108108164,1.17,1.5,"11","1","SS11-448307",2004,0.68
5,0.405465108108164,0.371563556432483,1.5,1.45,"11","1","SS11-448307",2005,0.81
6,0.371563556432483,0.385262400790645,1.45,1.47,"11","1","SS11-448307",2006,0.776
7,0.385262400790645,NA,1.47,NA,"11","0","SS11-448307",2007,NA
3,NA,0.0769610411361284,NA,1.08,"11","1","SS11-448338",2003,0.6
4,0.0769610411361284,0.198850858745165,1.08,1.22,"11","1","SS11-448338",2004,0.66
5,0.198850858745165,0.22314355131421,1.22,1.25,"11","1","SS11-448338",2005,0.59
6,0.22314355131421,0.165514438477573,1.25,1.18,"11","1","SS11-448338",2006,0.573
7,0.165514438477573,0.151862349309246,1.18,1.164,"11","1","SS11-448338",2007,1.484
8,0.151862349309246,0.336472236621213,1.164,1.4,"11","1","SS11-448338",2008,1
9,0.336472236621213,0.657520002916794,1.4,1.93,"11","1","SS11-448338",2009,1
10,0.657520002916794,NA,1.93,NA,"11","0","SS11-448338",2010,NA
3,NA,0.444685821261446,NA,1.56,"11","1","SS11-448345",2003,0.87
4,0.444685821261446,0.470003629245736,1.56,1.6,"11","1","SS11-448345",2004,1.03
5,0.470003629245736,0.470003629245736,1.6,1.6,"11","1","SS11-448345",2005,1.97
6,0.470003629245736,0.262364264467491,1.6,1.3,"11","1","SS11-448345",2006,0.844
7,0.262364264467491,NA,1.3,NA,"11","0","SS11-448345",2007,NA
3,NA,0.357674444271816,NA,1.43,"11","1","SS11-448369",2003,0.76
4,0.357674444271816,0.470003629245736,1.43,1.6,"11","1","SS11-448369",2004,0.89
5,0.470003629245736,0.482426149244293,1.6,1.62,"11","1","SS11-448369",2005,0.95
6,0.482426149244293,0.438254930931155,1.62,1.55,"11","1","SS11-448369",2006,0.91
7,0.438254930931155,0.418710334858185,1.55,1.52,"11","1","SS11-448369",2007,0.958
8,0.418710334858185,0.667829372575655,1.52,1.95,"11","1","SS11-448369",2008,1.2
9,0.667829372575655,0.717839793150317,1.95,2.05,"11","1","SS11-448369",2009,1.47
10,0.717839793150317,0.78845736036427,2.05,2.2,"11","1","SS11-448369",2010,1.74
3,NA,0.22314355131421,NA,1.25,"11","1","SS11-448376",2003,1
4,0.22314355131421,0.364643113587909,1.25,1.44,"11","1","SS11-448376",2004,1.05
5,0.364643113587909,0.0953101798043249,1.44,1.1,"11","1","SS11-448376",2005,1.08
6,0.0953101798043249,0.392042087776024,1.1,1.48,"11","1","SS11-448376",2006,1.033
7,0.392042087776024,-0.0408219945202552,1.48,0.96,"11","1","SS11-448376",2007,0.993
8,-0.0408219945202552,0.165514438477573,0.96,1.18,"11","1","SS11-448376",2008,1.1
9,0.165514438477573,-0.162518929497775,1.18,0.85,"11","1","SS11-448376",2009,1.4
10,-0.162518929497775,NA,0.85,NA,"11","0","SS11-448376",2010,NA
3,NA,0.482426149244293,NA,1.62,"11","1","SS11-448383",2003,1
4,0.482426149244293,0.693147180559945,1.62,2,"11","1","SS11-448383",2004,1.05
5,0.693147180559945,0.810930216216329,2,2.25,"11","1","SS11-448383",2005,1.05
6,0.810930216216329,0.765467842139571,2.25,2.15,"11","1","SS11-448383",2006,1.022
7,0.765467842139571,0.717839793150317,2.15,2.05,"11","1","SS11-448383",2007,1.13
8,0.717839793150317,0.8754687373539,2.05,2.4,"11","1","SS11-448383",2008,1.4
9,0.8754687373539,0.693147180559945,2.4,2,"11","1","SS11-448383",2009,1.67
10,0.693147180559945,1.16315080980568,2,3.2,"11","1","SS11-448383",2010,2.04
3,NA,-0.105360515657826,NA,0.9,"11","1","SS11-448390",2003,0.5
4,-0.105360515657826,-0.105360515657826,0.9,0.9,"11","1","SS11-448390",2004,0.66
5,-0.105360515657826,-0.356674943938732,0.9,0.7,"11","1","SS11-448390",2005,0.55
6,-0.356674943938732,NA,0.7,NA,"11","0","SS11-448390",2006,NA
3,NA,0.364643113587909,NA,1.44,"11","1","SS11-448581",2003,0.75
4,0.364643113587909,0.444685821261446,1.44,1.56,"11","1","SS11-448581",2004,1.15
5,0.444685821261446,0.512823626428664,1.56,1.67,"11","1","SS11-448581",2005,1.15
6,0.512823626428664,0.500775287912489,1.67,1.65,"11","1","SS11-448581",2006,1.171
7,0.500775287912489,0.72270598280149,1.65,2.06,"11","1","SS11-448581",2007,1.5
8,0.72270598280149,0.76080582903376,2.06,2.14,"11","1","SS11-448581",2008,2.2
9,0.76080582903376,0.774727167552368,2.14,2.17,"11","1","SS11-448581",2009,2.57
10,0.774727167552368,1.04380405217311,2.17,2.84,"11","1","SS11-448581",2010,2.7
6,NA,-0.867500567704723,NA,0.42,"11","1","SS11-449595",2006,0.276
7,-0.867500567704723,-0.22314355131421,0.42,0.8,"11","1","SS11-449595",2007,0.35
8,-0.22314355131421,-0.22314355131421,0.8,0.8,"11","1","SS11-449595",2008,0.7
9,-0.22314355131421,0.392042087776024,0.8,1.48,"11","1","SS11-449595",2009,0.9
10,0.392042087776024,0.506817602368452,1.48,1.66,"11","1","SS11-449595",2010,1
9,NA,0.524728528934982,NA,1.69,"12","1","SS12-423434",2003,0.91
10,0.524728528934982,0.727548607277278,1.69,2.07,"12","1","SS12-423434",2004,1.07
11,0.727548607277278,0.78845736036427,2.07,2.2,"12","1","SS12-423434",2005,1.3
12,0.78845736036427,0.78845736036427,2.2,2.2,"12","1","SS12-423434",2006,1.154
13,0.78845736036427,0.904218150639886,2.2,2.47,"12","1","SS12-423434",2007,1.23
14,0.904218150639886,NA,2.47,NA,"12","0","SS12-423434",2008,NA
16,NA,1.54756250871601,NA,4.7,"12","1","SS12-424011",2010,4.22
17,1.54756250871601,1.64865862558738,4.7,5.2,"12","1","SS12-424011",2011,4.2
18,1.64865862558738,1.50407739677627,5.2,4.5,"12","1","SS12-424011",2012,3.917
19,1.50407739677627,NA,4.5,NA,"12","0","SS12-424011",2013,NA
16,NA,0.78845736036427,NA,2.2,"13","1","SS13-424233",2003,1.1
17,0.78845736036427,0.693147180559945,2.2,2,"13","1","SS13-424233",2004,1.02
18,0.693147180559945,NA,2,NA,"13","0","SS13-424233",2005,NA
16,NA,-0.174353387144778,NA,0.84,"13","1","SS13-424424",2003,0.63
17,-0.174353387144778,0.0295588022415444,0.84,1.03,"13","1","SS13-424424",2004,0.62
18,0.0295588022415444,NA,1.03,NA,"13","0","SS13-424424",2005,NA
16,NA,0.815364813284194,NA,2.26,"13","1","SS13-424455",2003,1.14
17,0.815364813284194,0.832909122935104,2.26,2.3,"13","1","SS13-424455",2004,1.13
18,0.832909122935104,NA,2.3,NA,"13","0","SS13-424455",2005,NA
18,NA,-1.20397280432594,NA,0.3,"13","1","SS13-425063",2005,0.17
19,-1.20397280432594,-1.07880966137193,0.3,0.34,"13","1","SS13-425063",2006,0.126
20,-1.07880966137193,NA,0.34,NA,"13","0","SS13-425063",2007,NA
16,NA,0.405465108108164,NA,1.5,"13","1","SS13-425407",2003,0.73
17,0.405465108108164,0.385262400790645,1.5,1.47,"13","1","SS13-425407",2004,0.8
18,0.385262400790645,0.576613364303994,1.47,1.78,"13","1","SS13-425407",2005,0.82
19,0.576613364303994,-1.6094379124341,1.78,0.2,"13","1","SS13-425407",2006,0.941
20,-1.6094379124341,-0.186329578191493,0.2,0.83,"13","1","SS13-425407",2007,0.97
21,-0.186329578191493,-0.400477566597125,0.83,0.67,"13","1","SS13-425407",2008,1
22,-0.400477566597125,NA,0.67,NA,"13","0","SS13-425407",2009,NA
21,NA,-0.867500567704723,NA,0.42,"13","1","SS13-425469",2008,0.3
22,-0.867500567704723,NA,0.42,NA,"13","0","SS13-425469",2009,NA
21,NA,-0.82098055206983,NA,0.44,"13","1","SS13-425476",2008,0.2
22,-0.82098055206983,NA,0.44,NA,"13","1","SS13-425476",2009,0
23,NA,NA,NA,NA,"13","0","SS13-425476",2010,NA
16,NA,-0.776528789498996,NA,0.46,"13","1","SS13-450171",2003,0.25
17,-0.776528789498996,NA,0.46,NA,"13","0","SS13-450171",2004,NA
16,NA,-0.0512932943875506,NA,0.95,"13","1","SS13-450225",2003,1.28
17,-0.0512932943875506,NA,0.95,NA,"13","0","SS13-450225",2004,NA
16,NA,1.10194007876078,NA,3.01,"13","1","SS13-450546",2003,0.89
17,1.10194007876078,NA,3.01,NA,"13","0","SS13-450546",2004,NA
1,NA,0.254642218373581,NA,1.29,"14","1","SS14-418461",2003,1.44
2,0.254642218373581,0.993251773010283,1.29,2.7,"14","1","SS14-418461",2004,2.09
3,0.993251773010283,0.993251773010283,2.7,2.7,"14","1","SS14-418461",2005,2.7
4,0.993251773010283,1.07840958135059,2.7,2.94,"14","1","SS14-418461",2006,2.651
5,1.07840958135059,1.15688119679209,2.94,3.18,"14","1","SS14-418461",2007,3.33
6,1.15688119679209,1.25276296849537,3.18,3.5,"14","1","SS14-418461",2008,3.5
7,1.25276296849537,1.28093384546206,3.5,3.6,"14","1","SS14-418461",2009,4
8,1.28093384546206,1.30833281965018,3.6,3.7,"14","1","SS14-418461",2010,4.29
9,1.30833281965018,1.50407739677627,3.7,4.5,"14","1","SS14-418461",2011,4.5
10,1.50407739677627,1.55814461804655,4.5,4.75,"14","1","SS14-418461",2012,7.4
11,1.55814461804655,1.57069708411767,4.75,4.81,"14","1","SS14-418461",2013,7.7
12,1.57069708411767,NA,4.81,NA,"14","1","SS14-418461",2014,NA
12,NA,NA,NA,NA,"14","1","SS14-418461",2015,NA
14,NA,NA,NA,NA,"14","1","SS14-418461",2016,NA
1,NA,0.148420005118273,NA,1.16,"14","1","SS14-418485",2003,1.66
2,0.148420005118273,0.559615787935423,1.16,1.75,"14","1","SS14-418485",2004,2.15
3,0.559615787935423,0.779324876800998,1.75,2.18,"14","1","SS14-418485",2005,2.64
4,0.779324876800998,0.78845736036427,2.18,2.2,"14","1","SS14-418485",2006,2.471
5,0.78845736036427,1.06471073699243,2.2,2.9,"14","1","SS14-418485",2007,2.706
6,1.06471073699243,1.16315080980568,2.9,3.2,"14","1","SS14-418485",2008,3.7
7,1.16315080980568,0.741937344729377,3.2,2.1,"14","1","SS14-418485",2009,3.2
8,0.741937344729377,1.11514159061932,2.1,3.05,"14","1","SS14-418485",2010,3.74
9,1.11514159061932,1.16315080980568,3.05,3.2,"14","1","SS14-418485",2011,2.9
10,1.16315080980568,1.23837423104327,3.2,3.45,"14","1","SS14-418485",2012,2.9
11,1.23837423104327,1.23837423104327,3.45,3.45,"14","1","SS14-418485",2013,3.5
12,1.23837423104327,NA,3.45,NA,"14","1","SS14-418485",2014,NA
12,NA,NA,NA,NA,"14","1","SS14-418485",2015,NA
14,NA,NA,NA,NA,"14","1","SS14-418485",2016,NA
1,NA,0.215111379616945,NA,1.24,"14","1","SS14-418546",2003,1.23
2,0.215111379616945,0.482426149244293,1.24,1.62,"14","1","SS14-418546",2004,2.01
3,0.482426149244293,0.741937344729377,1.62,2.1,"14","1","SS14-418546",2005,2.12
4,0.741937344729377,0.76080582903376,2.1,2.14,"14","1","SS14-418546",2006,2.043
5,0.76080582903376,0.883767540168595,2.14,2.42,"14","1","SS14-418546",2007,2.556
6,0.883767540168595,0.883767540168595,2.42,2.42,"14","1","SS14-418546",2008,2.556
7,0.883767540168595,1.1314021114911,2.42,3.1,"14","1","SS14-418546",2009,2.3
8,1.1314021114911,1.16315080980568,3.1,3.2,"14","1","SS14-418546",2010,3.57
9,1.16315080980568,NA,3.2,NA,"14","1","SS14-418546",2011,0
10,NA,1.26694760348732,NA,3.55,"14","1","SS14-418546",2012,3.9
11,1.26694760348732,1.31908561142644,3.55,3.74,"14","1","SS14-418546",2013,4.1
12,1.31908561142644,NA,3.74,NA,"14","1","SS14-418546",2014,NA
12,NA,NA,NA,NA,"14","1","SS14-418546",2015,NA
14,NA,NA,NA,NA,"14","1","SS14-418546",2016,NA
1,NA,-0.0512932943875506,NA,0.95,"14","1","SS14-418560",2003,1.53
2,-0.0512932943875506,0.631271776841858,0.95,1.88,"14","1","SS14-418560",2004,1.84
3,0.631271776841858,0.641853886172395,1.88,1.9,"14","1","SS14-418560",2005,2.19
4,0.641853886172395,0.993251773010283,1.9,2.7,"14","1","SS14-418560",2006,2.135
5,0.993251773010283,0.916290731874155,2.7,2.5,"14","1","SS14-418560",2007,2.42
6,0.916290731874155,0.916290731874155,2.5,2.5,"14","1","SS14-418560",2008,2.42
7,0.916290731874155,0.993251773010283,2.5,2.7,"14","1","SS14-418560",2009,2.5
8,0.993251773010283,1.28647402583768,2.7,3.62,"14","1","SS14-418560",2010,4.21
9,1.28647402583768,1.34807314829969,3.62,3.85,"14","1","SS14-418560",2011,4.21
10,1.34807314829969,1.43508452528932,3.85,4.2,"14","1","SS14-418560",2012,4.2
11,1.43508452528932,1.51732262352629,4.2,4.56,"14","1","SS14-418560",2013,4.6
12,1.51732262352629,NA,4.56,NA,"14","1","SS14-418560",2014,NA
12,NA,NA,NA,NA,"14","1","SS14-418560",2015,NA
14,NA,NA,NA,NA,"14","1","SS14-418560",2016,NA
1,NA,-0.0512932943875506,NA,0.95,"14","1","SS14-418577",2003,0.79
2,-0.0512932943875506,0.357674444271816,0.95,1.43,"14","1","SS14-418577",2004,1.07
3,0.357674444271816,0.500775287912489,1.43,1.65,"14","1","SS14-418577",2005,1.19
4,0.500775287912489,0.657520002916794,1.65,1.93,"14","1","SS14-418577",2006,1.094
5,0.657520002916794,0.741937344729377,1.93,2.1,"14","1","SS14-418577",2007,1.464
6,0.741937344729377,0.741937344729377,2.1,2.1,"14","1","SS14-418577",2008,1.7
7,0.741937344729377,1.18172719537862,2.1,3.26,"14","1","SS14-418577",2009,1.9
8,1.18172719537862,1.31908561142644,3.26,3.74,"14","1","SS14-418577",2010,2.24
9,1.31908561142644,1.33500106673234,3.74,3.8,"14","1","SS14-418577",2011,2.5
10,1.33500106673234,1.38629436111989,3.8,4,"14","1","SS14-418577",2012,2.6
11,1.38629436111989,1.39376637595859,4,4.03,"14","1","SS14-418577",2013,2.5
12,1.39376637595859,NA,4.03,NA,"14","1","SS14-418577",2014,NA
13,NA,NA,NA,NA,"14","1","SS14-418577",2015,NA
14,NA,NA,NA,NA,"14","1","SS14-418577",2016,NA
1,NA,-1.10866262452161,NA,0.33,"14","1","SS14-418591",2003,0.25
2,-1.10866262452161,-0.755022584278033,0.33,0.47,"14","1","SS14-418591",2004,0.23
3,-0.755022584278033,-0.916290731874155,0.47,0.4,"14","1","SS14-418591",2005,0.36
4,-0.916290731874155,-0.798507696217772,0.4,0.45,"14","1","SS14-418591",2006,0.369
5,-0.798507696217772,-0.867500567704723,0.45,0.42,"14","1","SS14-418591",2007,0.252
6,-0.867500567704723,-0.867500567704723,0.42,0.42,"14","1","SS14-418591",2008,0.252
7,-0.867500567704723,-0.798507696217772,0.42,0.45,"14","1","SS14-418591",2009,0.3
8,-0.798507696217772,NA,0.45,NA,"14","0","SS14-418591",2010,NA
11,NA,1.22671229129543,NA,3.41,"14","1","SS14-419031",2013,4.1
12,1.22671229129543,NA,3.41,NA,"14","1","SS14-419031",2014,NA
12,NA,NA,NA,NA,"14","1","SS14-419031",2015,NA
14,NA,NA,NA,NA,"14","1","SS14-419031",2016,NA
1,NA,0.22314355131421,NA,1.25,"14","1","SS14-426220",2003,1.29
2,0.22314355131421,0.717839793150317,1.25,2.05,"14","1","SS14-426220",2004,1.81
3,0.717839793150317,0.765467842139571,2.05,2.15,"14","1","SS14-426220",2005,2.28
4,0.765467842139571,0.810930216216329,2.15,2.25,"14","1","SS14-426220",2006,4.723
5,0.810930216216329,0.916290731874155,2.25,2.5,"14","1","SS14-426220",2007,2.318
6,0.916290731874155,0.916290731874155,2.5,2.5,"14","1","SS14-426220",2008,2.1
7,0.916290731874155,0.936093359170335,2.5,2.55,"14","1","SS14-426220",2009,2.5
8,0.936093359170335,0.955511445027436,2.55,2.6,"14","1","SS14-426220",2010,2.39
9,0.955511445027436,0.955511445027436,2.6,2.6,"14","1","SS14-426220",2011,2.39
10,0.955511445027436,NA,2.6,NA,"14","0","SS14-426220",2012,NA
1,NA,-1.04982212449868,NA,0.35,"14","1","SS14-426459",2003,0.14
2,-1.04982212449868,-0.843970070294529,0.35,0.43,"14","1","SS14-426459",2004,0.4
3,-0.843970070294529,-0.755022584278033,0.43,0.47,"14","1","SS14-426459",2005,0.36
4,-0.755022584278033,-0.916290731874155,0.47,0.4,"14","1","SS14-426459",2006,0.293
5,-0.916290731874155,NA,0.4,NA,"14","0","SS14-426459",2007,NA
1,NA,-0.3147107448397,NA,0.73,"14","1","SS14-426541",2003,0.68
2,-0.3147107448397,0.19062035960865,0.73,1.21,"14","1","SS14-426541",2004,1.01
3,0.19062035960865,0.262364264467491,1.21,1.3,"14","1","SS14-426541",2005,1.09
4,0.262364264467491,0.182321556793955,1.3,1.2,"14","1","SS14-426541",2006,1.059
5,0.182321556793955,0.548121408509688,1.2,1.73,"14","1","SS14-426541",2007,1.077
6,0.548121408509688,0.693147180559945,1.73,2,"14","1","SS14-426541",2008,1
7,0.693147180559945,0.845868267577609,2,2.33,"14","1","SS14-426541",2009,1
8,0.845868267577609,0.8754687373539,2.33,2.4,"14","1","SS14-426541",2010,1.26
9,0.8754687373539,NA,2.4,NA,"14","0","SS14-426541",2011,NA
1,NA,-0.462035459596559,NA,0.63,"14","1","SS14-426671",2003,0.3
2,-0.462035459596559,0.048790164169432,0.63,1.05,"14","1","SS14-426671",2004,0.38
3,0.048790164169432,-0.916290731874155,1.05,0.4,"14","1","SS14-426671",2005,0.39
4,-0.916290731874155,NA,0.4,NA,"14","0","SS14-426671",2006,NA
1,NA,-0.127833371509885,NA,0.88,"14","1","SS14-426893",2003,0.64
2,-0.127833371509885,0.542324290825362,0.88,1.72,"14","1","SS14-426893",2004,1.32
3,0.542324290825362,0.438254930931155,1.72,1.55,"14","1","SS14-426893",2005,1.55
4,0.438254930931155,0.641853886172395,1.55,1.9,"14","1","SS14-426893",2006,1.287
5,0.641853886172395,0.810930216216329,1.9,2.25,"14","1","SS14-426893",2007,1.628
6,0.810930216216329,NA,2.25,NA,"14","0","SS14-426893",2008,NA
1,NA,-0.22314355131421,NA,0.8,"14","1","SS14-426930",2003,0.6
2,-0.22314355131421,0.470003629245736,0.8,1.6,"14","1","SS14-426930",2004,1.36
3,0.470003629245736,0.662687973075237,1.6,1.94,"14","1","SS14-426930",2005,1.32
4,0.662687973075237,NA,1.94,NA,"14","0","SS14-426930",2006,NA
1,NA,0.0676586484738149,NA,1.07,"14","1","SS14-427067",2003,1.33
2,0.0676586484738149,0.609765571620894,1.07,1.84,"14","1","SS14-427067",2004,2.2
3,0.609765571620894,0.470003629245736,1.84,1.6,"14","1","SS14-427067",2005,2.43
4,0.470003629245736,0.500775287912489,1.6,1.65,"14","1","SS14-427067",2006,2.437
5,0.500775287912489,0.548121408509688,1.65,1.73,"14","1","SS14-427067",2007,2.4
6,0.548121408509688,0.548121408509688,1.73,1.73,"14","1","SS14-427067",2008,2.3
7,0.548121408509688,0.943905898907128,1.73,2.57,"14","1","SS14-427067",2009,2.2
8,0.943905898907128,NA,2.57,NA,"14","0","SS14-427067",2010,NA
1,NA,-0.0618754037180875,NA,0.94,"14","1","SS14-427074",2003,0.73
2,-0.0618754037180875,0.470003629245736,0.94,1.6,"14","1","SS14-427074",2004,1.06
3,0.470003629245736,0.559615787935423,1.6,1.75,"14","1","SS14-427074",2005,1.28
4,0.559615787935423,0.615185639090233,1.75,1.85,"14","1","SS14-427074",2006,1.14
5,0.615185639090233,0.65232518603969,1.85,1.92,"14","1","SS14-427074",2007,1.204
6,0.65232518603969,0.65232518603969,1.92,1.92,"14","1","SS14-427074",2008,1.95
7,0.65232518603969,0.76080582903376,1.92,2.14,"14","1","SS14-427074",2009,2
8,0.76080582903376,0.470003629245736,2.14,1.6,"14","1","SS14-427074",2010,2
9,0.470003629245736,NA,1.6,NA,"14","0","SS14-427074",2011,NA
1,NA,-0.139262067333508,NA,0.87,"14","1","SS14-427081",2003,0.61
2,-0.139262067333508,0.548121408509688,0.87,1.73,"14","1","SS14-427081",2004,0.81
3,0.548121408509688,0.438254930931155,1.73,1.55,"14","1","SS14-427081",2005,0.89
4,0.438254930931155,0.457424847038875,1.55,1.58,"14","1","SS14-427081",2006,1.123
5,0.457424847038875,0.378436435720245,1.58,1.46,"14","1","SS14-427081",2007,1
6,0.378436435720245,0.378436435720245,1.46,1.46,"14","1","SS14-427081",2008,1.6
7,0.378436435720245,NA,1.46,NA,"14","0","SS14-427081",2009,NA
1,NA,-0.415515443961666,NA,0.66,"14","1","SS14-427258",2003,0.73
2,-0.415515443961666,0.22314355131421,0.66,1.25,"14","1","SS14-427258",2004,1
3,0.22314355131421,0.262364264467491,1.25,1.3,"14","1","SS14-427258",2005,1.31
4,0.262364264467491,0.405465108108164,1.3,1.5,"14","1","SS14-427258",2006,1.261
5,0.405465108108164,0.385262400790645,1.5,1.47,"14","1","SS14-427258",2007,1.18
6,0.385262400790645,0.385262400790645,1.47,1.47,"14","1","SS14-427258",2008,1.2
7,0.385262400790645,NA,1.47,NA,"14","0","SS14-427258",2009,NA
1,NA,-1.13943428318836,NA,0.32,"14","1","SS14-427401",2003,0.14
2,-1.13943428318836,-0.616186139423817,0.32,0.54,"14","1","SS14-427401",2004,0.22
3,-0.616186139423817,-0.693147180559945,0.54,0.5,"14","1","SS14-427401",2005,0.4
4,-0.693147180559945,-0.653926467406664,0.5,0.52,"14","1","SS14-427401",2006,0.268
5,-0.653926467406664,NA,0.52,NA,"14","0","SS14-427401",2007,NA
1,NA,-0.63487827243597,NA,0.53,"14","1","SS14-427593",2003,0.6
2,-0.63487827243597,0.593326845277734,0.53,1.81,"14","1","SS14-427593",2004,1.01
3,0.593326845277734,0.693147180559945,1.81,2,"14","1","SS14-427593",2005,1.47
4,0.693147180559945,0.657520002916794,2,1.93,"14","1","SS14-427593",2006,1.223
5,0.657520002916794,0.741937344729377,1.93,2.1,"14","1","SS14-427593",2007,1.369
6,0.741937344729377,NA,2.1,NA,"14","0","SS14-427593",2008,NA
1,NA,0.198850858745165,NA,1.22,"14","1","SS14-427609",2003,1.6
2,0.198850858745165,0.559615787935423,1.22,1.75,"14","1","SS14-427609",2004,1.65
3,0.559615787935423,0.741937344729377,1.75,2.1,"14","1","SS14-427609",2005,1.96
4,0.741937344729377,0.806475865866949,2.1,2.24,"14","1","SS14-427609",2006,2
5,0.806475865866949,0.887891257352457,2.24,2.43,"14","1","SS14-427609",2007,1.9
6,0.887891257352457,NA,2.43,NA,"14","1","SS14-427609",2008,0
7,NA,0.587786664902119,NA,1.8,"14","1","SS14-427609",2009,1.5
8,0.587786664902119,NA,1.8,NA,"14","0","SS14-427609",2010,NA
2,NA,-0.105360515657826,NA,0.9,"14","1","SS14-428828",2004,0.74
3,-0.105360515657826,0.405465108108164,0.9,1.5,"14","1","SS14-428828",2005,0.93
4,0.405465108108164,0.285178942233662,1.5,1.33,"14","1","SS14-428828",2006,0.915
5,0.285178942233662,0.482426149244293,1.33,1.62,"14","1","SS14-428828",2007,1.106
6,0.482426149244293,0.482426149244293,1.62,1.62,"14","1","SS14-428828",2008,1.1
7,0.482426149244293,0.871293365943419,1.62,2.39,"14","1","SS14-428828",2009,1.1
8,0.871293365943419,NA,2.39,NA,"14","0","SS14-428828",2010,NA
2,NA,-0.0408219945202552,NA,0.96,"14","1","SS14-429375",2004,0.26
3,-0.0408219945202552,-0.510825623765991,0.96,0.6,"14","1","SS14-429375",2005,0.36
4,-0.510825623765991,NA,0.6,NA,"14","0","SS14-429375",2006,NA
2,NA,0.00995033085316809,NA,1.01,"14","1","SS14-429429",2004,0.94
3,0.00995033085316809,0.300104592450338,1.01,1.35,"14","1","SS14-429429",2005,0.82
4,0.300104592450338,0.148420005118273,1.35,1.16,"14","1","SS14-429429",2006,0.875
5,0.148420005118273,0.336472236621213,1.16,1.4,"14","1","SS14-429429",2007,1.109
6,0.336472236621213,0.336472236621213,1.4,1.4,"14","1","SS14-429429",2008,1.109
7,0.336472236621213,0.405465108108164,1.4,1.5,"14","1","SS14-429429",2009,1.2
8,0.405465108108164,NA,1.5,NA,"14","0","SS14-429429",2010,NA
1,NA,-0.287682072451781,NA,0.75,"14","1","SS14-429658",2003,0.81
2,-0.287682072451781,0.641853886172395,0.75,1.9,"14","1","SS14-429658",2004,1.32
3,0.641853886172395,0.667829372575655,1.9,1.95,"14","1","SS14-429658",2005,1.62
4,0.667829372575655,0.693147180559945,1.95,2,"14","1","SS14-429658",2006,1.529
5,0.693147180559945,0.896088024556636,2,2.45,"14","1","SS14-429658",2007,2.06
6,0.896088024556636,1.04380405217311,2.45,2.84,"14","1","SS14-429658",2008,2.2
7,1.04380405217311,NA,2.84,NA,"14","0","SS14-429658",2009,NA
1,NA,-0.162518929497775,NA,0.85,"14","1","SS14-429696",2003,0.59
2,-0.162518929497775,0.470003629245736,0.85,1.6,"14","1","SS14-429696",2004,0.96
3,0.470003629245736,0.524728528934982,1.6,1.69,"14","1","SS14-429696",2005,1.3
4,0.524728528934982,0.53062825106217,1.69,1.7,"14","1","SS14-429696",2006,1.291
5,0.53062825106217,0.85015092936961,1.7,2.34,"14","1","SS14-429696",2007,0.86
6,0.85015092936961,NA,2.34,NA,"14","0","SS14-429696",2008,NA
3,NA,0.322083499169113,NA,1.38,"14","1","SS14-429757",2005,0.6
4,0.322083499169113,-0.127833371509885,1.38,0.88,"14","1","SS14-429757",2006,0.538
5,-0.127833371509885,NA,0.88,NA,"14","0","SS14-429757",2007,NA
1,NA,-0.27443684570176,NA,0.76,"14","1","SS14-429818",2003,0.8
2,-0.27443684570176,0.518793793415168,0.76,1.68,"14","1","SS14-429818",2004,1.23
3,0.518793793415168,0.587786664902119,1.68,1.8,"14","1","SS14-429818",2005,1.3
4,0.587786664902119,0.641853886172395,1.8,1.9,"14","1","SS14-429818",2006,1.684
5,0.641853886172395,0.78845736036427,1.9,2.2,"14","1","SS14-429818",2007,1.785
6,0.78845736036427,NA,2.2,NA,"14","0","SS14-429818",2008,NA
1,NA,0.0676586484738149,NA,1.07,"14","1","SS14-429825",2003,0.92
2,0.0676586484738149,0.598836501088704,1.07,1.82,"14","1","SS14-429825",2004,1.64
3,0.598836501088704,0.667829372575655,1.82,1.95,"14","1","SS14-429825",2005,2.23
4,0.667829372575655,0.667829372575655,1.95,1.95,"14","1","SS14-429825",2006,2.128
5,0.667829372575655,1.01160091167848,1.95,2.75,"14","1","SS14-429825",2007,2.67
6,1.01160091167848,1.07500242302898,2.75,2.93,"14","1","SS14-429825",2008,3.2
7,1.07500242302898,1.30833281965018,2.93,3.7,"14","1","SS14-429825",2009,3.2
8,1.30833281965018,1.30833281965018,3.7,3.7,"14","1","SS14-429825",2010,3.2
9,1.30833281965018,1.33500106673234,3.7,3.8,"14","1","SS14-429825",2011,2.8
10,1.33500106673234,1.28093384546206,3.8,3.6,"14","1","SS14-429825",2012,3.2
11,1.28093384546206,NA,3.6,NA,"14","0","SS14-429825",2013,NA
1,NA,-0.82098055206983,NA,0.44,"14","1","SS14-429917",2003,0.49
2,-0.82098055206983,-0.385662480811985,0.44,0.68,"14","1","SS14-429917",2004,0.5
3,-0.385662480811985,-0.579818495252942,0.68,0.56,"14","1","SS14-429917",2005,0.58
4,-0.579818495252942,NA,0.56,NA,"14","0","SS14-429917",2006,NA
1,NA,-0.3147107448397,NA,0.73,"14","1","SS14-430005",2003,0.64
2,-0.3147107448397,0.536493370514568,0.73,1.71,"14","1","SS14-430005",2004,1.11
3,0.536493370514568,0.559615787935423,1.71,1.75,"14","1","SS14-430005",2005,1.23
4,0.559615787935423,0.615185639090233,1.75,1.85,"14","1","SS14-430005",2006,1.216
5,0.615185639090233,0.936093359170335,1.85,2.55,"14","1","SS14-430005",2007,1.384
6,0.936093359170335,NA,2.55,NA,"14","0","SS14-430005",2008,NA
1,NA,-0.198450938723838,NA,0.82,"14","1","SS14-444637",2003,0.99
2,-0.198450938723838,0.29266961396282,0.82,1.34,"14","1","SS14-444637",2004,1.62
3,0.29266961396282,0.53062825106217,1.34,1.7,"14","1","SS14-444637",2005,2.35
4,0.53062825106217,0.802001585472027,1.7,2.23,"14","1","SS14-444637",2006,2.32
5,0.802001585472027,0.993251773010283,2.23,2.7,"14","1","SS14-444637",2007,3.63
6,0.993251773010283,1.06471073699243,2.7,2.9,"14","1","SS14-444637",2008,4.6
7,1.06471073699243,1.19392246847243,2.9,3.3,"14","1","SS14-444637",2009,5
8,1.19392246847243,1.25276296849537,3.3,3.5,"14","1","SS14-444637",2010,5
9,1.25276296849537,1.25276296849537,3.5,3.5,"14","1","SS14-444637",2011,5
1,NA,0.131028262406404,NA,1.14,"14","1","SS14-444644",2003,1.2
2,0.131028262406404,0.896088024556636,1.14,2.45,"14","1","SS14-444644",2004,2.28
3,0.896088024556636,0.8754687373539,2.45,2.4,"14","1","SS14-444644",2005,2.81
4,0.8754687373539,0.993251773010283,2.4,2.7,"14","1","SS14-444644",2006,2.908
5,0.993251773010283,1.19392246847243,2.7,3.3,"14","1","SS14-444644",2007,3.619
6,1.19392246847243,1.19392246847243,3.3,3.3,"14","1","SS14-444644",2008,5.7
7,1.19392246847243,1.30833281965018,3.3,3.7,"14","1","SS14-444644",2009,5.6
8,1.30833281965018,1.52605630349505,3.7,4.6,"14","1","SS14-444644",2010,6.2
9,1.52605630349505,1.52605630349505,4.6,4.6,"14","1","SS14-444644",2011,6.2
1,NA,-0.0202027073175195,NA,0.98,"14","1","SS14-450584",2003,1.34
2,-0.0202027073175195,0.494696241836107,0.98,1.64,"14","1","SS14-450584",2004,2
1,NA,-0.127833371509885,NA,0.88,"14","1","SS14-450591",2003,0.87
2,-0.127833371509885,0.418710334858185,0.88,1.52,"14","1","SS14-450591",2004,1.75
1,NA,-0.116533816255952,NA,0.89,"14","1","SS14-450607",2003,1.1
2,-0.116533816255952,0.300104592450338,0.89,1.35,"14","1","SS14-450607",2004,1.62
1,NA,-0.127833371509885,NA,0.88,"14","1","SS14-450614",2003,1.33
2,-0.127833371509885,0.336472236621213,0.88,1.4,"14","1","SS14-450614",2004,1.63
3,0.336472236621213,0.438254930931155,1.4,1.55,"14","1","SS14-450614",2005,2.07
1,NA,0.0769610411361284,NA,1.08,"14","1","SS14-450621",2003,0.79
2,0.0769610411361284,0.559615787935423,1.08,1.75,"14","1","SS14-450621",2004,0.96
3,0.559615787935423,0.65232518603969,1.75,1.92,"14","1","SS14-450621",2005,1.22
1,NA,0.0953101798043249,NA,1.1,"14","1","SS14-450638",2003,0.95
2,0.0953101798043249,0.636576829071551,1.1,1.89,"14","1","SS14-450638",2004,1.51
1,NA,0.0295588022415444,NA,1.03,"14","1","SS14-450645",2003,1.06
2,0.0295588022415444,0.482426149244293,1.03,1.62,"14","1","SS14-450645",2004,1.5
3,0.482426149244293,0.810930216216329,1.62,2.25,"14","1","SS14-450645",2005,1.9
1,NA,-0.0725706928348354,NA,0.93,"14","1","SS14-450652",2003,1.36
2,-0.0725706928348354,0.672944473242426,0.93,1.96,"14","1","SS14-450652",2004,1.5
1,NA,0.0676586484738149,NA,1.07,"14","1","SS14-450669",2003,1.27
2,0.0676586484738149,0.576613364303994,1.07,1.78,"14","1","SS14-450669",2004,1.69
1,NA,-0.0202027073175195,NA,0.98,"14","1","SS14-450676",2003,1.38
2,-0.0202027073175195,0.587786664902119,0.98,1.8,"14","1","SS14-450676",2004,1.7
1,NA,0.262364264467491,NA,1.3,"14","1","SS14-450720",2003,1.28
2,0.262364264467491,0.916290731874155,1.3,2.5,"14","1","SS14-450720",2004,2.01
3,0.916290731874155,0.78845736036427,2.5,2.2,"14","1","SS14-450720",2005,2.45
4,0.78845736036427,0.974559639998131,2.2,2.65,"14","1","SS14-450720",2006,2.279
5,0.974559639998131,1.04731899428056,2.65,2.85,"14","1","SS14-450720",2007,3.041
6,1.04731899428056,1.04731899428056,2.85,2.85,"14","1","SS14-450720",2008,3.8
7,1.04731899428056,1.17865499634165,2.85,3.25,"14","1","SS14-450720",2009,3.9
8,1.17865499634165,1.30833281965018,3.25,3.7,"14","1","SS14-450720",2010,4
1,NA,-0.3147107448397,NA,0.73,"14","1","SS14-450775",2003,0.87
2,-0.3147107448397,0.405465108108164,0.73,1.5,"14","1","SS14-450775",2004,1.31
3,0.405465108108164,0.559615787935423,1.5,1.75,"14","1","SS14-450775",2005,2.06
4,0.559615787935423,0.806475865866949,1.75,2.24,"14","1","SS14-450775",2006,2.4
5,0.806475865866949,0.916290731874155,2.24,2.5,"14","1","SS14-450775",2007,3.35
6,0.916290731874155,0.916290731874155,2.5,2.5,"14","1","SS14-450775",2008,4.3
7,0.916290731874155,1.14740245283754,2.5,3.15,"14","1","SS14-450775",2009,4.9
8,1.14740245283754,1.22377543162212,3.15,3.4,"14","1","SS14-450775",2010,4.4
7,NA,0.832909122935104,NA,2.3,"15","1","SS15-430470",2003,0.76
8,0.832909122935104,0.756121979721334,2.3,2.13,"15","1","SS15-430470",2004,0.83
9,0.756121979721334,0.378436435720245,2.13,1.46,"15","1","SS15-430470",2005,0.74
10,0.378436435720245,0.300104592450338,1.46,1.35,"15","1","SS15-430470",2006,0.747
11,0.300104592450338,NA,1.35,NA,"15","0","SS15-430470",2007,NA
14,NA,0.122217632724249,NA,1.13,"15","1","SS15-431583",2010,0.73
15,0.122217632724249,0.157003748809665,1.13,1.17,"15","1","SS15-431583",2011,0.8
16,0.157003748809665,NA,1.17,NA,"15","0","SS15-431583",2012,NA
10,NA,-1.20397280432594,NA,0.3,"15","1","SS15-450997",2006,0.261
11,-1.20397280432594,NA,0.3,NA,"15","0","SS15-450997",2007,NA
63,NA,-1.20397280432594,NA,0.3,"16","1","SS16-451000",2006,0.126
64,-1.20397280432594,-1.20397280432594,0.3,0.3,"16","1","SS16-451000",2007,0.14
65,-1.20397280432594,NA,0.3,NA,"16","0","SS16-451000",2008,NA
63,NA,-1.20397280432594,NA,0.3,"16","1","SS16-451017",2006,0.11
64,-1.20397280432594,-1.04982212449868,0.3,0.35,"16","1","SS16-451017",2007,0.16
65,-1.04982212449868,NA,0.35,NA,"16","1","SS16-451017",2008,0.3
66,NA,NA,NA,NA,"16","0","SS16-451017",2009,NA
61,NA,-0.616186139423817,NA,0.54,"17","1","SS17-445351",2010,0.32
62,-0.616186139423817,NA,0.54,NA,"17","0","SS17-445351",2011,NA
